Metric,Value,CI_Lower,CI_Upper,p_value
Spearman ρ,0.8999994209636238,0.8971437625298416,0.9027798589831459,0.0
Kendall τ,0.7764625055922693,0.7665755664261962,0.7863494447583423,0.0
